<!DOCTYPE hibernate-configuration PUBLIC
        "-//Hibernate/Hibernate Configuration DTD 3.0//EN"
        "http://hibernate.sourceforge.net/hibernate-configuration-3.0.dtd">

<hibernate-configuration>
    <session-factory>
        <!-- Database connection settings -->
        <!-- For H2 Database (easy testing) -->
        <property name="hibernate.connection.driver_class">org.h2.Driver</property>
        <property name="hibernate.connection.url">jdbc:h2:mem:testdb</property>
        <property name="hibernate.connection.username">sa</property>
        <property name="hibernate.connection.password"></property>

        <!-- For PostgreSQL Database (uncomment to use) -->
        <!--
        <property name="hibernate.connection.driver_class">org.postgresql.Driver</property>
        <property name="hibernate.connection.url">jdbc:postgresql://localhost:5432/your_database_name</property>
        <property name="hibernate.connection.username">your_username</property>
        <property name="hibernate.connection.password">your_password</property>
        -->

        <!-- Hibernate dialect -->
        <property name="hibernate.dialect">org.hibernate.dialect.H2Dialect</property>
        <!-- For PostgreSQL use: org.hibernate.dialect.PostgreSQLDialect -->

        <!-- Show SQL statements -->
        <property name="hibernate.show_sql">true</property>
        <property name="hibernate.format_sql">true</property>

        <!-- Automatically create/update database schema -->
        <property name="hibernate.hbm2ddl.auto">create-drop</property>

        <!-- Connection pool settings -->
        <property name="hibernate.connection.pool_size">10</property>

        <!-- Current session context -->
        <property name="hibernate.current_session_context_class">thread</property>

        <!-- Entity mappings (add your entity classes here) -->
        <mapping class="com.example.entity.User"/>
        <mapping class="com.example.entity.Product"/>

    </session-factory>
</hibernate-configuration>
