<?xml version='1.0' encoding='utf-8'?>
<!DOCTYPE hibernate-configuration PUBLIC
        "-//Hibernate/Hibernate Configuration DTD 3.0//EN"
        "http://hibernate.sourceforge.net/hibernate-configuration-3.0.dtd">

<hibernate-configuration>

    <session-factory>

        <!-- Database connection settings -->
        <!-- <property name="connection.driver_class">org.hsqldb.jdbcDriver</property>
                    <property name="connection.url">jdbc:hsqldb:hsql://localhost/TestDB</property> -->

        <property name="connection.driver_class">org.postgresql.Driver</property>
        <property name="connection.url">jdbc:postgresql://localhost:5432/spring_modulith</property>
        <property name="connection.username">modulitha</property>
        <property name="connection.password">modulitha</property>

        <!-- JDBC connection pool (use the built-in) -->
        <property name="connection.pool_size">1</property>

        <!-- SQL dialect -->
        <property name="dialect">
            org.hibernate.dialect.PostgreSQLDialect
        </property>


        <!-- Echo all executed SQL to stdout -->
        <property name="show_sql">true</property>

        <!-- Drop and re-create the database schema on startup -->
        <property name="hbm2ddl.auto">update</property>

        <!-- Mapping files -->
        <mapping class="com.example.Student"/>
        <mapping class="com.example.Address"/>

    </session-factory>

</hibernate-configuration>