-- create database university_database;

use university_database;

-- 1. Departments Table
create table Departments (
    department_id int primary key auto_increment,
    department_name varchar(100) not null,
    head_faculty_id int unique
);

-- 2. Students Table
create table Students (
    student_id int primary key auto_increment,
    first_name varchar(50) not null,
    last_name varchar(50) not null,
    date_of_birth date,
    email varchar(100) unique not null,
    phone_number varchar(15),
    enrollment_date date,
    department_id int,
    FOREIGN KEY (department_id) REFERENCES Departments(department_id)
);

-- 3. Faculty Table
create table Faculty (
    faculty_id int primary key auto_increment,
    first_name varchar(50) not null,
    last_name varchar(50) not null,
    email varchar(100) unique not null,
    phone_number varchar(15),
    hire_date date,
    department_id int,
    FOREIGN KEY (department_id) REFERENCES Departments(department_id),
    unique (department_id, faculty_id)
);

-- 4. Courses Table
create table Courses (
    course_id int primary key auto_increment,
    course_name varchar(100) not null,
    credits int,
    department_id int,
    FOREIGN KEY (department_id) REFERENCES Departments(department_id)
);

-- 5. Enrollments Table (Weak Entity: depends on Students and Courses)
create table Enrollments (
    enrollment_id int primary key auto_increment,
    student_id int,
    course_id int,
    enrollment_date date,
    grade varchar(2),
    FOREIGN KEY (student_id) REFERENCES Students(student_id),
    FOREIGN KEY (course_id) REFERENCES Courses(course_id),
    UNIQUE (student_id, course_id)
);

-- 6. Classrooms Table
create table Classrooms (
    room_id int primary key auto_increment,
    room_number varchar(10) unique not null,
    building varchar(50),
    capacity int
);

-- 7. Schedules Table (Weak Entity: depends on Courses and Faculty)
create table Schedules (
    schedule_id int primary key auto_increment,
    course_id int,
    room_id int,
    faculty_id int,
    day ENUM('Monday', 'Tuesday', 'Wednesday', 'Thursday', 'Friday', 'Saturday', 'Sunday'),
    time_slot time,
    FOREIGN KEY (course_id) REFERENCES Courses(course_id),
    FOREIGN KEY (room_id) REFERENCES Classrooms(room_id),
    FOREIGN KEY (faculty_id) REFERENCES Faculty(faculty_id),
    UNIQUE (course_id, room_id, day, time_slot)
);

-- 8. Fees Table (Weak Entity: depends on Students)
create table Fees (
    fee_id int primary key auto_increment,
    student_id int,
    amount decimal(10, 2),
    due_date date,
    status ENUM('Paid', 'Unpaid'),
    FOREIGN KEY (student_id) REFERENCES Students(student_id)
);

-- 9. Library Table
drop table library;
create table Library (
    book_id int primary key auto_increment,
    title varchar(100) not null,
    author varchar(100),
    status ENUM('Available', 'Loaned'),
    isbn varchar(20) unique,
    loaned_to_student_id int,
    FOREIGN KEY (loaned_to_student_id) REFERENCES Students(student_id)
);







drop table Departments;


INSERT INTO Departments (department_id, department_name, head_faculty_id) VALUES
(1, 'Computer Science', 1),
(2, 'Business Administration', 2),
(3, 'Mathematics', 3),
(4, 'Physics', 4),
(5, 'Chemistry', 5),
(6, 'Electrical Engineering', 6),
(7, 'Mechanical Engineering', 7),
(8, 'Civil Engineering', 8),
(9, 'Psychology', 9),
(10, 'Economics', 10);

-- delete from Departments where department_id = 10; 
select * from Departments;


INSERT INTO faculty (faculty_id, first_name, last_name, email, phone_number, hire_date, department_id) VALUES
(1, 'Alice', 'Smith', 'alice.smith@university.edu', '1234567890', '2020-08-01', 1),
(2, 'Liam', 'Taylor', 'liam.taylor@university.edu', '1234567892', '2018-09-12', 1),
(3, 'Sophia', 'Lee', 'sophia.lee@university.edu', '1234567893', '2021-05-10', 1),
(4, 'James', 'Wright', 'james.wright@university.edu', '1234567894', '2019-11-22', 1),
(5, 'Emma', 'Davis', 'emma.davis@university.edu', '1234567895', '2017-02-18', 1),
(6, 'Bob', 'Johnson', 'bob.johnson@university.edu', '1234567896', '2019-06-15', 2),
(7, 'Oliver', 'Martinez', 'oliver.martinez@university.edu', '1234567897', '2020-01-20', 2),
(8, 'Isabella', 'Clark', 'isabella.clark@university.edu', '1234567898', '2016-08-25', 2),
(9, 'Mason', 'Garcia', 'mason.garcia@university.edu', '1234567899', '2017-10-05', 2),
(10, 'Charlotte', 'Hernandez', 'charlotte.hernandez@university.edu', '1234567800', '2015-05-30', 2),
(11, 'Carol', 'Williams', 'carol.williams@university.edu', '1234567801', '2021-01-12', 3),
(12, 'Henry', 'Lopez', 'henry.lopez@university.edu', '1234567802', '2019-07-25', 3),
(13, 'Emily', 'Gonzalez', 'emily.gonzalez@university.edu', '1234567803', '2020-03-17', 3),
(14, 'Daniel', 'Wilson', 'daniel.wilson@university.edu', '1234567804', '2018-11-11', 3),
(15, 'Grace', 'Moore', 'grace.moore@university.edu', '1234567805', '2016-06-21', 3),
(16, 'David', 'Jones', 'david.jones@university.edu', '1234567806', '2018-09-20', 4),
(17, 'Ethan', 'White', 'ethan.white@university.edu', '1234567807', '2021-04-19', 4),
(18, 'Amelia', 'Harris', 'amelia.harris@university.edu', '1234567808', '2017-02-28', 4),
(19, 'Noah', 'Young', 'noah.young@university.edu', '1234567809', '2019-08-13', 4),
(20, 'Mia', 'King', 'mia.king@university.edu', '1234567810', '2020-11-04', 4),
(21, 'Eve', 'Brown', 'eve.brown@university.edu', '1234567811', '2020-03-10', 5),
(22, 'Lucas', 'Scott', 'lucas.scott@university.edu', '1234567812', '2018-06-15', 5),
(23, 'Zoe', 'Hill', 'zoe.hill@university.edu', '1234567813', '2021-01-22', 5),
(24, 'Logan', 'Adams', 'logan.adams@university.edu', '1234567814', '2016-10-30', 5),
(25, 'Lily', 'Green', 'lily.green@university.edu', '1234567815', '2019-03-08', 5),
(26, 'Aaron', 'Roberts', 'aaron.roberts@university.edu', '1234567816', '2019-04-02', 6),
(27, 'Eva', 'Walker', 'eva.walker@university.edu', '1234567817', '2020-09-21', 6),
(28, 'Jack', 'Turner', 'jack.turner@university.edu', '1234567818', '2021-06-12', 6),
(29, 'Chloe', 'Miller', 'chloe.miller@university.edu', '1234567819', '2017-08-08', 6),
(30, 'Ryan', 'Rivera', 'ryan.rivera@university.edu', '1234567820', '2018-12-17', 6),
(31, 'Max', 'Collins', 'max.collins@university.edu', '1234567821', '2020-10-25', 7),
(32, 'Natalie', 'Edwards', 'natalie.edwards@university.edu', '1234567822', '2019-01-14', 7),
(33, 'Aiden', 'Perry', 'aiden.perry@university.edu', '1234567823', '2018-02-02', 7),
(34, 'Scarlett', 'Wood', 'scarlett.wood@university.edu', '1234567824', '2021-09-07', 7),
(35, 'Leo', 'Murphy', 'leo.murphy@university.edu', '1234567825', '2017-04-23', 7),
(36, 'Ella', 'Sanders', 'ella.sanders@university.edu', '1234567826', '2019-08-30', 8),
(37, 'Owen', 'Bell', 'owen.bell@university.edu', '1234567827', '2020-07-05', 8),
(38, 'Lucy', 'Ward', 'lucy.ward@university.edu', '1234567828', '2021-03-21', 8),
(39, 'Jake', 'Brooks', 'jake.brooks@university.edu', '1234567829', '2017-05-18', 8),
(40, 'Hannah', 'Price', 'hannah.price@university.edu', '1234567830', '2018-11-27', 8),
(41, 'Gabriel', 'Patterson', 'gabriel.patterson@university.edu', '1234567831', '2018-02-15', 9),
(42, 'Anna', 'Gray', 'anna.gray@university.edu', '1234567832', '2017-10-09', 9),
(43, 'Caleb', 'Ramirez', 'caleb.ramirez@university.edu', '1234567833', '2019-09-18', 9),
(44, 'Lillian', 'Baker', 'lillian.baker@university.edu', '1234567834', '2021-02-14', 9),
(45, 'Eli', 'Cooper', 'eli.cooper@university.edu', '1234567835', '2020-04-30', 9),
(46, 'Isaac', 'Evans', 'isaac.evans@university.edu', '1234567836', '2016-06-06', 10),
(47, 'Nora', 'Campbell', 'nora.campbell@university.edu', '1234567837', '2019-07-12', 10),
(48, 'Elijah', 'Mitchell', 'elijah.mitchell@university.edu', '1234567838', '2018-08-29', 10),
(49, 'Victoria', 'Carter', 'victoria.carter@university.edu', '1234567839', '2020-01-18', 10),
(50, 'Benjamin', 'Murphy', 'benjamin.murphy@university.edu', '1234567840', '2021-10-04', 10),
(51, 'Victoria', 'James', 'victoria.james@university.edu', '1234567841', '2021-01-15', 6),
(52, 'Liam', 'Foster', 'liam.foster@university.edu', '1234567842', '2018-05-20', 6),
(53, 'Ava', 'Hughes', 'ava.hughes@university.edu', '1234567843', '2020-11-11', 7),
(54, 'Mason', 'Morris', 'mason.morris@university.edu', '1234567844', '2019-04-29', 7),
(55, 'Sofia', 'Reed', 'sofia.reed@university.edu', '1234567845', '2021-08-13', 8),
(56, 'Noah', 'Cook', 'noah.cook@university.edu', '1234567846', '2019-03-19', 8),
(57, 'Mia', 'Russell', 'mia.russell@university.edu', '1234567847', '2018-10-14', 9),
(58, 'Oliver', 'Henderson', 'oliver.henderson@university.edu', '1234567848', '2020-05-17', 9),
(59, 'Chloe', 'Rogers', 'chloe.rogers@university.edu', '1234567849', '2019-12-01', 10),
(60, 'Lucas', 'Perry', 'lucas.perry@university.edu', '1234567850', '2021-04-21', 10),
(61, 'James', 'Walker', 'james.walker@university.edu', '1234567851', '2020-02-05', 1),
(62, 'Isabella', 'Scott', 'isabella.scott@university.edu', '1234567852', '2019-08-29', 1),
(63, 'Elijah', 'Young', 'elijah.young@university.edu', '1234567853', '2021-03-23', 2),
(64, 'Amelia', 'King', 'amelia.king@university.edu', '1234567854', '2020-07-30', 2),
(65, 'Ethan', 'Lee', 'ethan.lee@university.edu', '1234567855', '2021-09-12', 3),
(66, 'Avery', 'Turner', 'avery.turner@university.edu', '1234567856', '2019-01-08', 3),
(67, 'Ella', 'Martin', 'ella.martin@university.edu', '1234567857', '2020-06-25', 4),
(68, 'Benjamin', 'Baker', 'benjamin.baker@university.edu', '1234567858', '2021-05-14', 4),
(69, 'Harper', 'Gonzalez', 'harper.gonzalez@university.edu', '1234567859', '2018-11-30', 5),
(70, 'Lucas', 'Harris', 'lucas.harris@university.edu', '1234567860', '2019-02-18', 5);


select * from students order by first_name;




INSERT INTO students (student_id, first_name, last_name, date_of_birth, email, phone_number, enrollment_date, department_id) VALUES
(1, 'John', 'Doe', '2002-05-15', 'john.doe1@university.edu', '9876543210', '2022-09-01', 1),
(2, 'Jane', 'Doe', '2001-03-22', 'jane.doe1@university.edu', '9876543211', '2022-09-01', 2),
(3, 'Chris', 'Evans', '2003-07-08', 'chris.evans@university.edu', '9876543212', '2023-09-01', 3),
(4, 'Anna', 'Taylor', '2004-11-23', 'anna.taylor@university.edu', '9876543213', '2023-09-01', 4),
(5, 'Mike', 'Brown', '2002-04-12', 'mike.brown@university.edu', '9876543214', '2022-09-01', 5),
(6, 'Emily', 'Clark', '2002-08-10', 'emily.clark@university.edu', '9876543215', '2022-09-01', 1),
(7, 'Liam', 'Reed', '2001-05-22', 'liam.reed@university.edu', '9876543216', '2022-09-01', 1),
(8, 'Sophia', 'Green', '2003-12-01', 'sophia.green@university.edu', '9876543217', '2023-09-01', 1),
(9, 'James', 'King', '2002-11-15', 'james.king@university.edu', '9876543218', '2023-09-01', 1),
(10, 'Oliver', 'Hill', '2004-03-18', 'oliver.hill@university.edu', '9876543219', '2022-09-01', 1),
(11, 'Mia', 'Wood', '2002-02-10', 'mia.wood@university.edu', '9876543220', '2023-09-01', 2),
(12, 'Henry', 'Turner', '2003-09-23', 'henry.turner@university.edu', '9876543221', '2022-09-01', 2),
(13, 'Emma', 'Scott', '2001-10-02', 'emma.scott@university.edu', '9876543222', '2023-09-01', 2),
(14, 'Lucas', 'Adams', '2004-01-08', 'lucas.adams@university.edu', '9876543223', '2022-09-01', 2),
(15, 'Grace', 'White', '2003-04-19', 'grace.white@university.edu', '9876543224', '2023-09-01', 2),
(16, 'Evelyn', 'Harris', '2002-07-14', 'evelyn.harris@university.edu', '9876543225', '2022-09-01', 3),
(17, 'Benjamin', 'Nelson', '2001-12-25', 'benjamin.nelson@university.edu', '9876543226', '2022-09-01', 3),
(18, 'Ella', 'Mitchell', '2003-06-20', 'ella.mitchell@university.edu', '9876543227', '2023-09-01', 3),
(19, 'Aiden', 'Perez', '2002-03-30', 'aiden.perez@university.edu', '9876543228', '2023-09-01', 3),
(20, 'Scarlett', 'Carter', '2004-05-11', 'scarlett.carter@university.edu', '9876543229', '2022-09-01', 3),
(21, 'Alexander', 'Walker', '2001-11-22', 'alexander.walker@university.edu', '9876543230', '2023-09-01', 4),
(22, 'Isabella', 'Wright', '2003-02-28', 'isabella.wright@university.edu', '9876543231', '2022-09-01', 4),
(23, 'Mason', 'Lee', '2002-08-15', 'mason.lee02@university.edu', '9876543232', '2023-09-01', 4),
(24, 'Luna', 'Allen', '2004-04-05', 'luna.allen@university.edu', '9876543233', '2022-09-01', 4),
(25, 'Charlotte', 'Young', '2001-07-10', 'charlotte.young@university.edu', '9876543234', '2023-09-01', 4),
(26, 'Jack', 'Martinez', '2003-03-03', 'jack.martinez@university.edu', '9876543235', '2022-09-01', 5),
(27, 'Mila', 'Garcia', '2002-10-27', 'mila.garcia@university.edu', '9876543236', '2023-09-01', 5),
(28, 'Wyatt', 'Hernandez', '2004-06-18', 'wyatt.hernandez@university.edu', '9876543237', '2022-09-01', 5),
(29, 'Hannah', 'Lopez', '2001-12-11', 'hannah.lopez@university.edu', '9876543238', '2023-09-01', 5),
(30, 'Caleb', 'Wilson', '2003-05-29', 'caleb.wilson@university.edu', '9876543239', '2022-09-01', 5),
(31, 'Nora', 'Moore', '2002-11-25', 'nora.moore@university.edu', '9876543240', '2022-09-01', 1),
(32, 'Leo', 'Thompson', '2003-07-12', 'leo.thompson@university.edu', '9876543241', '2023-09-01', 1),
(33, 'Maya', 'Garcia', '2001-05-29', 'maya.garcia@university.edu', '9876543242', '2022-09-01', 1),
(34, 'Ethan', 'Anderson', '2004-02-17', 'ethan.anderson@university.edu', '9876543243', '2023-09-01', 1),
(35, 'Harper', 'Parker', '2002-08-13', 'harper.parker@university.edu', '9876543244', '2022-09-01', 1),
(36, 'Oliver', 'Martinez', '2002-11-14', 'oliver.martinez@university.edu', '9876543245', '2023-09-01', 2),
(37, 'Isla', 'Robinson', '2003-03-25', 'isla.robinson@university.edu', '9876543246', '2022-09-01', 2),
(38, 'Liam', 'Lewis', '2004-01-11', 'liam.lewis@university.edu', '9876543247', '2022-09-01', 2),
(39, 'Emma', 'Walker', '2001-06-20', 'emma.walker@university.edu', '9876543248', '2023-09-01', 2),
(40, 'Noah', 'Harris', '2003-09-10', 'noah.harris@university.edu', '9876543249', '2023-09-01', 2),
(41, 'Ava', 'Reed', '2004-05-06', 'ava.reed@university.edu', '9876543250', '2022-09-01', 3),
(42, 'Henry', 'Stewart', '2002-07-24', 'henry.stewart@university.edu', '9876543251', '2023-09-01', 3),
(43, 'Zoey', 'Nguyen', '2003-11-08', 'zoey.nguyen@university.edu', '9876543252', '2023-09-01', 3),
(44, 'Caleb', 'Carter', '2001-12-18', 'caleb.carter@university.edu', '9876543253', '2022-09-01', 3),
(45, 'Lucy', 'Hill', '2002-03-09', 'lucy.hill@university.edu', '9876543254', '2022-09-01', 3),
(46, 'Hannah', 'Long', '2001-08-21', 'hannah.long@university.edu', '9876543255', '2023-09-01', 4),
(47, 'Mason', 'Price', '2003-02-19', 'mason.price@university.edu', '9876543256', '2022-09-01', 4),
(48, 'Elijah', 'Cruz', '2004-09-15', 'elijah.cruz@university.edu', '9876543257', '2023-09-01', 4),
(49, 'Chloe', 'Bailey', '2002-10-23', 'chloe.bailey@university.edu', '9876543258', '2022-09-01', 4),
(50, 'Zoe', 'Foster', '2003-05-03', 'zoe.foster@university.edu', '9876543259', '2023-09-01', 4),
(51, 'Ryan', 'Bennett', '2001-04-25', 'ryan.bennett@university.edu', '9876543260', '2023-09-01', 5),
(52, 'Sophia', 'Sanders', '2002-12-09', 'sophia.sanders@university.edu', '9876543261', '2022-09-01', 5),
(53, 'Logan', 'Perry', '2003-01-15', 'logan.perry@university.edu', '9876543262', '2022-09-01', 5),
(54, 'Abigail', 'Ramirez', '2004-06-30', 'abigail.ramirez@university.edu', '9876543263', '2023-09-01', 5),
(55, 'Olivia', 'Collins', '2002-02-28', 'olivia.collins@university.edu', '9876543264', '2022-09-01', 5),
(56, 'Aiden', 'Bell', '2003-09-04', 'aiden.bell@university.edu', '9876543265', '2023-09-01', 1),
(57, 'Mila', 'Torres', '2001-12-22', 'mila.torres@university.edu', '9876543266', '2022-09-01', 1),
(58, 'Daniel', 'Evans', '2004-07-21', 'daniel.evans@university.edu', '9876543267', '2023-09-01', 1),
(59, 'Riley', 'Gray', '2002-11-18', 'riley.gray@university.edu', '9876543268', '2022-09-01', 1),
(60, 'Madison', 'Diaz', '2003-10-27', 'madison.diaz@university.edu', '9876543269', '2023-09-01', 1),
(61, 'Lily', 'Brooks', '2004-08-14', 'lily.brooks@university.edu', '9876543270', '2022-09-01', 2),
(62, 'Eli', 'Morgan', '2002-07-30', 'eli.morgan@university.edu', '9876543271', '2022-09-01', 2),
(63, 'Charlotte', 'Baker', '2001-06-25', 'charlotte.baker@university.edu', '9876543272', '2023-09-01', 2),
(64, 'Samuel', 'Rivera', '2003-03-02', 'samuel.rivera@university.edu', '9876543273', '2023-09-01', 2),
(65, 'Natalie', 'Jenkins', '2002-09-10', 'natalie.jenkins@university.edu', '9876543274', '2022-09-01', 2),
(66, 'Gabriel', 'Kelly', '2004-11-15', 'gabriel.kelly@university.edu', '9876543275', '2023-09-01', 3),
(67, 'Victoria', 'Murphy', '2002-03-26', 'victoria.murphy@university.edu', '9876543276', '2022-09-01', 3),
(68, 'Isaac', 'Cook', '2003-01-19', 'isaac.cook@university.edu', '9876543277', '2023-09-01', 3),
(69, 'Hazel', 'Richardson', '2001-10-13', 'hazel.richardson@university.edu', '9876543278', '2022-09-01', 3),
(70, 'Luke', 'Cox', '2002-12-17', 'luke.cox@university.edu', '9876543279', '2023-09-01', 3),
(71, 'Eleanor', 'Howard', '2003-08-11', 'eleanor.howard@university.edu', '9876543280', '2022-09-01', 4),
(72, 'Sebastian', 'Ward', '2001-07-18', 'sebastian.ward@university.edu', '9876543281', '2023-09-01', 4),
(73, 'Aurora', 'Bell', '2002-09-14', 'aurora.bell@university.edu', '9876543282', '2022-09-01', 4),
(74, 'David', 'Gonzales', '2004-04-10', 'david.gonzales@university.edu', '9876543283', '2023-09-01', 4),
(75, 'Isabel', 'Nguyen', '2003-06-25', 'isabel.nguyen@university.edu', '9876543284', '2022-09-01', 4),
(76, 'Nolan', 'Adams', '2001-02-11', 'nolan.adams@university.edu', '9876543285', '2023-09-01', 5),
(77, 'Aubrey', 'Ross', '2003-03-05', 'aubrey.ross@university.edu', '9876543286', '2022-09-01', 5),
(78, 'Carter', 'Peterson', '2002-05-20', 'carter.peterson@university.edu', '9876543287', '2023-09-01', 5),
(79, 'Aurora', 'Jenkins', '2004-10-18', 'aurora.jenkins@university.edu', '9876543288', '2022-09-01', 5),
(80, 'Everett', 'Price', '2002-12-09', 'everett.price@university.edu', '9876543289', '2023-09-01', 5),
(81, 'Dylan', 'Taylor', '2003-02-18', 'dylan.taylor@university.edu', '9876543290', '2023-09-01', 1),
(82, 'Lila', 'Clark', '2002-10-23', 'lila.clark@university.edu', '9876543291', '2022-09-01', 1),
(83, 'Joshua', 'Mitchell', '2001-08-15', 'joshua.mitchell@university.edu', '9876543292', '2022-09-01', 1),
(84, 'Avery', 'Patterson', '2004-05-27', 'avery.patterson@university.edu', '9876543293', '2023-09-01', 1),
(85, 'Evelyn', 'Brooks', '2002-11-19', 'evelyn.brooks@university.edu', '9876543294', '2022-09-01', 1),
(86, 'Wyatt', 'Campbell', '2003-01-29', 'wyatt.campbell@university.edu', '9876543295', '2023-09-01', 2),
(87, 'Scarlett', 'Sullivan', '2004-06-13', 'scarlett.sullivan@university.edu', '9876543296', '2022-09-01', 2),
(88, 'Eli', 'Fisher', '2002-08-04', 'eli.fisher@university.edu', '9876543297', '2022-09-01', 2),
(89, 'Ruby', 'Ramos', '2001-09-15', 'ruby.ramos@university.edu', '9876543298', '2023-09-01', 2),
(90, 'Brielle', 'Ross', '2003-12-30', 'brielle.ross@university.edu', '9876543299', '2023-09-01', 2),
(91, 'Caleb', 'Wells', '2004-01-15', 'caleb.wells@university.edu', '9876543300', '2022-09-01', 3),
(92, 'Eva', 'Griffin', '2001-05-19', 'eva.griffin@university.edu', '9876543301', '2022-09-01', 3),
(93, 'Adam', 'James', '2003-11-06', 'adam.james@university.edu', '9876543302', '2023-09-01', 3),
(94, 'Mackenzie', 'Shaw', '2002-10-20', 'mackenzie.shaw@university.edu', '9876543303', '2022-09-01', 3),
(95, 'Diego', 'Woods', '2004-03-17', 'diego.woods@university.edu', '9876543304', '2023-09-01', 3),
(96, 'Bennett', 'Young', '2002-06-25', 'bennett.young@university.edu', '9876543305', '2022-09-01', 4),
(97, 'Kinsley', 'Hernandez', '2003-04-22', 'kinsley.hernandez@university.edu', '9876543306', '2023-09-01', 4),
(98, 'Jacob', 'Powell', '2001-09-08', 'jacob.powell@university.edu', '9876543307', '2022-09-01', 4),
(99, 'Penelope', 'Sanders', '2004-02-02', 'penelope.sanders@university.edu', '9876543308', '2023-09-01', 4),
(100, 'Leon', 'Barnes', '2002-10-31', 'leon.barnes@university.edu', '9876543309', '2022-09-01', 4),
(101, 'Nathan', 'Hughes', '2002-12-14', 'nathan.hughes@university.edu', '9876543310', '2023-09-01', 5),
(102, 'Sophie', 'Reed', '2003-03-22', 'sophie.reed@university.edu', '9876543311', '2022-09-01', 5),
(103, 'Lucas', 'Foster', '2001-09-17', 'lucas.foster@university.edu', '9876543312', '2023-09-01', 5),
(104, 'Gabriella', 'Watkins', '2004-04-12', 'gabriella.watkins@university.edu', '9876543313', '2022-09-01', 5),
(105, 'Mason', 'Lee', '2002-08-07', 'mason.lee@university.edu', '9876543314', '2023-09-01', 5),
(106, 'Zoey', 'Ramirez', '2001-11-09', 'zoey.ramirez@university.edu', '9876543315', '2023-09-01', 6),
(107, 'Benjamin', 'Price', '2003-07-02', 'benjamin.price@university.edu', '9876543316', '2022-09-01', 6),
(108, 'Layla', 'Morgan', '2002-01-18', 'layla.morgan@university.edu', '9876543317', '2023-09-01', 6),
(109, 'Elijah', 'Cole', '2003-10-11', 'elijah.cole@university.edu', '9876543318', '2022-09-01', 6),
(110, 'Mila', 'Bryant', '2004-06-28', 'mila.bryant@university.edu', '9876543319', '2023-09-01', 6),
(111, 'Oliver', 'Bailey', '2002-05-05', 'oliver.bailey@university.edu', '9876543320', '2023-09-01', 7),
(112, 'Liam', 'Bishop', '2003-09-19', 'liam.bishop@university.edu', '9876543321', '2022-09-01', 7),
(113, 'Ava', 'Reyes', '2001-12-23', 'ava.reyes@university.edu', '9876543322', '2023-09-01', 7),
(114, 'Ethan', 'Green', '2004-02-14', 'ethan.green@university.edu', '9876543323', '2022-09-01', 7),
(115, 'Charlotte', 'Patterson', '2002-11-30', 'charlotte.patterson@university.edu', '9876543324', '2023-09-01', 7),
(116, 'Amelia', 'Long', '2003-04-07', 'amelia.long@university.edu', '9876543325', '2022-09-01', 8),
(117, 'Jack', 'Simmons', '2002-03-28', 'jack.simmons@university.edu', '9876543326', '2023-09-01', 8),
(118, 'Mia', 'Jenkins', '2001-06-12', 'mia.jenkins@university.edu', '9876543327', '2022-09-01', 8),
(119, 'Alexander', 'Ward', '2004-01-16', 'alexander.ward@university.edu', '9876543328', '2023-09-01', 8),
(120, 'Isabella', 'Gray', '2002-07-25', 'isabella.gray@university.edu', '9876543329', '2022-09-01', 8),
(121, 'Henry', 'Nelson', '2002-10-15', 'henry.nelson@university.edu', '9876543330', '2023-09-01', 9),
(122, 'Aria', 'White', '2004-09-30', 'aria.white@university.edu', '9876543331', '2022-09-01', 9),
(123, 'Samuel', 'King', '2001-05-20', 'samuel.king@university.edu', '9876543332', '2023-09-01', 9),
(124, 'Harper', 'Wright', '2003-11-03', 'harper.wright@university.edu', '9876543333', '2022-09-01', 9),
(125, 'Levi', 'Lopez', '2002-08-10', 'levi.lopez@university.edu', '9876543334', '2023-09-01', 9),
(126, 'Ella', 'Hill', '2001-07-06', 'ella.hill@university.edu', '9876543335', '2022-09-01', 10),
(127, 'David', 'Scott', '2003-01-25', 'david.scott@university.edu', '9876543336', '2023-09-01', 10),
(128, 'Chloe', 'Adams', '2004-10-13', 'chloe.adams@university.edu', '9876543337', '2022-09-01', 10),
(129, 'James', 'Perez', '2002-09-18', 'james.perez@university.edu', '9876543338', '2023-09-01', 10),
(130, 'Zoe', 'Edwards', '2001-11-22', 'zoe.edwards@university.edu', '9876543339', '2022-09-01', 10),
(131, 'Lucas', 'Harris', '2003-08-09', 'lucas.harris@university.edu', '9876543340', '2022-09-01', 1),
(132, 'Abigail', 'Clark', '2002-12-21', 'abigail.clark@university.edu', '9876543341', '2023-09-01', 1),
(133, 'Mason', 'Walker', '2004-06-17', 'mason.walker@university.edu', '9876543342', '2022-09-01', 1),
(134, 'Victoria', 'Roberts', '2001-10-11', 'victoria.roberts@university.edu', '9876543343', '2023-09-01', 1),
(135, 'Sebastian', 'Hall', '2003-05-23', 'sebastian.hall@university.edu', '9876543344', '2022-09-01', 1),
(136, 'Emily', 'Stewart', '2002-01-30', 'emily.stewart@university.edu', '9876543345', '2023-09-01', 2),
(137, 'Aiden', 'Morris', '2004-04-25', 'aiden.morris@university.edu', '9876543346', '2022-09-01', 2),
(138, 'Savannah', 'Carter', '2001-02-14', 'savannah.carter@university.edu', '9876543347', '2023-09-01', 2),
(139, 'Owen', 'Murphy', '2003-03-18', 'owen.murphy@university.edu', '9876543348', '2022-09-01', 2),
(140, 'Hannah', 'Rivera', '2002-12-04', 'hannah.rivera@university.edu', '9876543349', '2023-09-01', 2),
(141, 'Luna', 'Hughes', '2004-02-26', 'luna.hughes@university.edu', '9876543350', '2022-09-01', 3),
(142, 'Christopher', 'Diaz', '2002-05-15', 'christopher.diaz@university.edu', '9876543351', '2023-09-01', 3),
(143, 'Grace', 'Garcia', '2003-10-20', 'grace.garcia@university.edu', '9876543352', '2022-09-01', 3),
(144, 'Isabella', 'Martinez', '2001-06-30', 'isabella.martinez@university.edu', '9876543353', '2023-09-01', 3),
(145, 'William', 'Wilson', '2004-07-08', 'william.wilson@university.edu', '9876543354', '2022-09-01', 3),
(146, 'Emma', 'Clarkson', '2002-11-03', 'emma.clarkson@university.edu', '9876543355', '2023-09-01', 4),
(147, 'Jayden', 'Schmidt', '2003-09-13', 'jayden.schmidt@university.edu', '9876543356', '2022-09-01', 4),
(148, 'Audrey', 'Kim', '2004-01-02', 'audrey.kim@university.edu', '9876543357', '2023-09-01', 4),
(149, 'Carson', 'Bennett', '2001-04-25', 'carson.bennett@university.edu', '9876543358', '2022-09-01', 4),
(150, 'Nora', 'Hayes', '2003-03-29', 'nora.hayes@university.edu', '9876543359', '2023-09-01', 4);



INSERT INTO courses (course_id, course_name, department_id) VALUES
(1, 'Data Structures', 1),
(2, 'Algorithms', 1),
(3, 'Database Systems', 1),
(4, 'Operating Systems', 1),
(5, 'Web Development', 1),
(6, 'Economics 101', 2),
(7, 'Marketing Principles', 2),
(8, 'Business Ethics', 2),
(9, 'Calculus I', 3),
(10, 'Linear Algebra', 3),
(11, 'Physics 101', 4),
(12, 'Modern Physics', 4),
(13, 'Organic Chemistry', 5),
(14, 'Inorganic Chemistry', 5),
(15, 'Psychology Intro', 6),
(16, 'Human Anatomy', 6),
(17, 'Introduction to Philosophy', 8),
(18, 'Ethics in Philosophy', 8),
(19, 'World History', 9),
(20, 'Sociology Basics', 10);


select * from enrollments;
INSERT INTO enrollments (student_id, course_id, enrollment_date, grade) VALUES
(1, 1, '2022-09-01', 'A'),
(1, 3, '2022-09-01', 'B+'),
(1, 5, '2022-09-01', 'A-'),
(1, 7, '2022-09-01', 'B'),
(2, 2, '2023-09-02', 'A'),
(2, 4, '2023-09-02', 'B-'),
(2, 6, '2023-09-02', 'A+'),
(2, 8, '2023-09-02', 'C+'),
(3, 9, '2022-09-01', 'B'),
(3, 11, '2022-09-01', 'A-'),
(3, 13, '2022-09-01', 'B+'),
(3, 15, '2022-09-01', 'A'),
(4, 16, '2023-09-01', 'C'),
(4, 18, '2023-09-01', 'B'),
(4, 20, '2023-09-01', 'A+'),
(4, 2, '2023-09-01', 'B-'),
(5, 4, '2022-09-02', 'A'),
(5, 6, '2022-09-02', 'B+'),
(5, 8, '2022-09-02', 'A-'),
(5, 10, '2022-09-02', 'C'),
(6, 1, '2022-09-01', 'B'),
(6, 3, '2022-09-01', 'A+'),
(6, 5, '2022-09-01', 'C'),
(6, 7, '2022-09-01', 'A'),
(7, 2, '2022-09-01', 'A-'),
(7, 4, '2022-09-01', 'B'),
(7, 6, '2022-09-01', 'B+'),
(7, 8, '2022-09-01', 'C+'),
(8, 9, '2022-09-01', 'A'),
(8, 11, '2022-09-01', 'B-'),
(8, 13, '2022-09-01', 'A'),
(8, 15, '2022-09-01', 'C'),
(9, 16, '2022-09-01', 'B+'),
(9, 18, '2022-09-01', 'A'),
(9, 20, '2022-09-01', 'B'),
(9, 2, '2022-09-01', 'A+'),
(10, 4, '2022-09-01', 'C'),
(10, 6, '2022-09-01', 'B'),
(10, 8, '2022-09-01', 'A'),
(10, 10, '2022-09-01', 'B+'),
(11, 1, '2023-09-02', 'A-'),
(11, 3, '2023-09-02', 'B'),
(11, 5, '2023-09-02', 'A+'),
(11, 7, '2023-09-02', 'C'),
(12, 9, '2023-09-02', 'A'),
(12, 11, '2023-09-02', 'B+'),
(12, 13, '2023-09-02', 'B'),
(12, 15, '2023-09-02', 'A-'),
(13, 16, '2023-09-02', 'B'),
(13, 18, '2023-09-02', 'A+'),
(13, 20, '2023-09-02', 'C+'),
(13, 2, '2023-09-02', 'B-'),
(14, 4, '2023-09-02', 'A'),
(14, 6, '2023-09-02', 'B'),
(14, 8, '2023-09-02', 'C'),
(14, 10, '2023-09-02', 'A+'),
(15, 1, '2022-09-01', 'A'),
(15, 2, '2022-09-01', 'A'),
(15, 3, '2022-09-01', 'A'),
(15, 4, '2022-09-01', 'A'),
(16, 5, '2022-09-01', 'B'),
(16, 6, '2022-09-01', 'C'),
(16, 7, '2022-09-01', 'B+'),
(16, 8, '2022-09-01', 'A-'),
(17, 9, '2023-09-02', 'A'),
(17, 10, '2023-09-02', 'B'),
(17, 11, '2023-09-02', 'C'),
(17, 12, '2023-09-02', 'A+'),
(18, 13, '2023-09-02', 'A-'),
(18, 14, '2023-09-02', 'B'),
(18, 15, '2023-09-02', 'C+'),
(18, 16, '2023-09-02', 'B+'),
(19, 17, '2022-09-01', 'A'),
(19, 18, '2022-09-01', 'B+'),
(19, 19, '2022-09-01', 'A'),
(19, 20, '2022-09-01', 'C'),
(20, 1, '2023-09-02', 'B+'),
(20, 2, '2023-09-02', 'A'),
(20, 3, '2023-09-02', 'A-'),
(20, 4, '2023-09-02', 'C+'),
(21, 5, '2023-09-02', 'A'),
(21, 6, '2023-09-02', 'B+'),
(21, 7, '2023-09-02', 'B'),
(21, 8, '2023-09-02', 'A-'),
(22, 9, '2023-09-02', 'C'),
(22, 10, '2023-09-02', 'B+'),
(22, 11, '2023-09-02', 'A'),
(22, 12, '2023-09-02', 'B-'),
(23, 13, '2023-09-02', 'A'),
(23, 14, '2023-09-02', 'B'),
(23, 15, '2023-09-02', 'A+'),
(23, 16, '2023-09-02', 'C+'),
(24, 17, '2023-09-02', 'B+'),
(24, 18, '2023-09-02', 'A-'),
(24, 19, '2023-09-02', 'B'),
(24, 20, '2023-09-02', 'A'),
(25, 1, '2023-09-02', 'C'),
(25, 2, '2023-09-02', 'B'),
(25, 3, '2023-09-02', 'B+'),
(25, 4, '2023-09-02', 'A+'),
(26, 5, '2023-09-02', 'A-'),
(26, 6, '2023-09-02', 'B'),
(26, 7, '2023-09-02', 'B+'),
(26, 8, '2023-09-02', 'A'),
(27, 9, '2023-09-02', 'C+'),
(27, 10, '2023-09-02', 'B-'),
(27, 11, '2023-09-02', 'A'),
(27, 12, '2023-09-02', 'B+'),
(28, 13, '2023-09-02', 'A'),
(28, 14, '2023-09-02', 'A-'),
(28, 15, '2023-09-02', 'B'),
(28, 16, '2023-09-02', 'C'),
(29, 17, '2023-09-02', 'B+'),
(29, 18, '2023-09-02', 'C'),
(29, 19, '2023-09-02', 'A+'),
(29, 20, '2023-09-02', 'A'),
(30, 1, '2023-09-02', 'B'),
(30, 2, '2023-09-02', 'A'),
(30, 3, '2023-09-02', 'C+'),
(30, 4, '2023-09-02', 'B-'),
(31, 5, '2023-09-02', 'A'),
(31, 6, '2023-09-02', 'B+'),
(31, 7, '2023-09-02', 'C'),
(31, 8, '2023-09-02', 'B'),
(32, 9, '2023-09-02', 'A-'),
(32, 10, '2023-09-02', 'B'),
(32, 11, '2023-09-02', 'C+'),
(32, 12, '2023-09-02', 'A'),
(33, 13, '2023-09-02', 'B-'),
(33, 14, '2023-09-02', 'B'),
(33, 15, '2023-09-02', 'A+'),
(33, 16, '2023-09-02', 'A'),
(34, 17, '2023-09-02', 'A'),
(34, 18, '2023-09-02', 'C'),
(34, 19, '2023-09-02', 'B+'),
(34, 20, '2023-09-02', 'B-'),
(35, 1, '2023-09-02', 'C+'),
(35, 2, '2023-09-02', 'A-'),
(35, 3, '2023-09-02', 'B'),
(35, 4, '2023-09-02', 'A'),
(36, 5, '2023-09-02', 'B+'),
(36, 6, '2023-09-02', 'A'),
(36, 7, '2023-09-02', 'B-'),
(36, 8, '2023-09-02', 'C'),
(37, 9, '2023-09-02', 'A'),
(37, 10, '2023-09-02', 'B+'),
(37, 11, '2023-09-02', 'C-'),
(37, 12, '2023-09-02', 'A-'),
(38, 13, '2023-09-02', 'B'),
(38, 14, '2023-09-02', 'C+'),
(38, 15, '2023-09-02', 'A'),
(38, 16, '2023-09-02', 'B-'),
(39, 17, '2023-09-02', 'A+'),
(39, 18, '2023-09-02', 'B'),
(39, 19, '2023-09-02', 'C'),
(39, 20, '2023-09-02', 'A-'),
(40, 1, '2023-09-02', 'B'),
(40, 2, '2023-09-02', 'A'),
(40, 3, '2023-09-02', 'B+'),
(40, 4, '2023-09-02', 'A-'),
(41, 5, '2023-09-02', 'C'),
(41, 6, '2023-09-02', 'B-'),
(41, 7, '2023-09-02', 'A'),
(41, 8, '2023-09-02', 'B'),
(42, 9, '2023-09-02', 'A-'),
(42, 10, '2023-09-02', 'C+'),
(42, 11, '2023-09-02', 'B'),
(42, 12, '2023-09-02', 'A+'),
(43, 13, '2023-09-02', 'B'),
(43, 14, '2023-09-02', 'C'),
(43, 15, '2023-09-02', 'A'),
(43, 16, '2023-09-02', 'B+'),
(44, 17, '2023-09-02', 'A-'),
(44, 18, '2023-09-02', 'B'),
(44, 19, '2023-09-02', 'C+'),
(44, 20, '2023-09-02', 'A'),
(45, 1, '2023-09-02', 'B+'),
(45, 2, '2023-09-02', 'C'),
(45, 3, '2023-09-02', 'A-'),
(45, 4, '2023-09-02', 'B'),
(46, 5, '2023-09-02', 'A'),
(46, 6, '2023-09-02', 'B+'),
(46, 7, '2023-09-02', 'C'),
(46, 8, '2023-09-02', 'A+'),
(47, 9, '2023-09-02', 'B'),
(47, 10, '2023-09-02', 'A-'),
(47, 11, '2023-09-02', 'C+'),
(47, 12, '2023-09-02', 'B+'),
(48, 13, '2023-09-02', 'A'),
(48, 14, '2023-09-02', 'B-'),
(48, 15, '2023-09-02', 'A'),
(48, 16, '2023-09-02', 'C'),
(49, 17, '2023-09-02', 'B'),
(49, 18, '2023-09-02', 'A'),
(49, 19, '2023-09-02', 'C+'),
(49, 20, '2023-09-02', 'B+'),
(50, 1, '2023-09-02', 'A-'),
(50, 2, '2023-09-02', 'B+'),
(50, 3, '2023-09-02', 'C'),
(50, 4, '2023-09-02', 'A'),
(51, 5, '2023-09-02', 'B'),
(51, 6, '2023-09-02', 'C'),
(51, 7, '2023-09-02', 'A+'),
(51, 8, '2023-09-02', 'B-'),
(52, 10, '2023-09-02', 'B+'),
(52, 11, '2023-09-02', 'A'),
(52, 12, '2023-09-02', 'C+'),
(53, 13, '2023-09-02', 'B'),
(53, 14, '2023-09-02', 'A-'),
(53, 15, '2023-09-02', 'B+'),
(54, 16, '2023-09-02', 'C'),
(54, 17, '2023-09-02', 'A+'),
(54, 18, '2023-09-02', 'B-'),
(55, 19, '2023-09-02', 'A'),
(55, 20, '2023-09-02', 'C+'),
(55, 1, '2023-09-02', 'B'),
(56, 2, '2023-09-02', 'A-'),
(56, 3, '2023-09-02', 'B+'),
(56, 4, '2023-09-02', 'C'),
(57, 5, '2023-09-02', 'B'),
(57, 6, '2023-09-02', 'A'),
(57, 7, '2023-09-02', 'B-'),
(58, 8, '2023-09-02', 'C+'),
(58, 9, '2023-09-02', 'A-'),
(58, 10, '2023-09-02', 'B'),
(59, 11, '2023-09-02', 'C'),
(59, 12, '2023-09-02', 'A+'),
(59, 13, '2023-09-02', 'B+'),
(60, 14, '2023-09-02', 'B-'),
(60, 15, '2023-09-02', 'A'),
(60, 16, '2023-09-02', 'C'),
(61, 17, '2023-09-02', 'B+'),
(61, 18, '2023-09-02', 'A-'),
(61, 19, '2023-09-02', 'B'),
(62, 20, '2023-09-02', 'C+'),
(62, 1, '2023-09-02', 'A'),
(62, 2, '2023-09-02', 'B+'),
(63, 3, '2023-09-02', 'A-'),
(63, 4, '2023-09-02', 'B'),
(63, 5, '2023-09-02', 'C'),
(64, 6, '2023-09-02', 'B+'),
(64, 7, '2023-09-02', 'A'),
(64, 8, '2023-09-02', 'B-'),
(65, 9, '2023-09-02', 'A-'),
(65, 10, '2023-09-02', 'C'),
(65, 11, '2023-09-02', 'B+'),
(66, 12, '2023-09-02', 'B'),
(66, 13, '2023-09-02', 'C+'),
(66, 14, '2023-09-02', 'A'),
(67, 15, '2023-09-02', 'B+'),
(67, 16, '2023-09-02', 'C'),
(67, 17, '2023-09-02', 'A-'),
(68, 18, '2023-09-02', 'B'),
(68, 19, '2023-09-02', 'A'),
(68, 20, '2023-09-02', 'C+'),
(69, 1, '2023-09-02', 'B-'),
(69, 2, '2023-09-02', 'A+'),
(69, 3, '2023-09-02', 'C'),
(70, 4, '2023-09-02', 'B'),
(70, 5, '2023-09-02', 'A-'),
(70, 6, '2023-09-02', 'B+'),
(71, 7, '2023-09-02', 'C+'),
(71, 8, '2023-09-02', 'B'),
(71, 9, '2023-09-02', 'A'),
(72, 10, '2023-09-02', 'A-'),
(72, 11, '2023-09-02', 'C'),
(72, 12, '2023-09-02', 'B'),
(73, 13, '2023-09-02', 'B+'),
(73, 14, '2023-09-02', 'A'),
(73, 15, '2023-09-02', 'C-'),
(74, 16, '2023-09-02', 'B'),
(74, 17, '2023-09-02', 'C+'),
(74, 18, '2023-09-02', 'A+'),
(75, 19, '2023-09-02', 'B-'),
(75, 20, '2023-09-02', 'A'),
(75, 1, '2023-09-02', 'C'),
(76, 2, '2023-09-02', 'B+'),
(76, 3, '2023-09-02', 'C'),
(76, 4, '2023-09-02', 'A-'),
(77, 5, '2023-09-02', 'B'),
(77, 6, '2023-09-02', 'A+'),
(77, 7, '2023-09-02', 'C+'),
(78, 8, '2023-09-02', 'B-'),
(78, 9, '2023-09-02', 'A'),
(78, 10, '2023-09-02', 'C'),
(79, 11, '2023-09-02', 'B'),
(79, 12, '2023-09-02', 'C+'),
(79, 13, '2023-09-02', 'A-'),
(80, 14, '2023-09-02', 'B+'),
(80, 15, '2023-09-02', 'C'),
(80, 16, '2023-09-02', 'A'),
(81, 17, '2023-09-02', 'A+'),
(81, 18, '2023-09-02', 'B'),
(81, 19, '2023-09-02', 'C'),
(82, 20, '2023-09-02', 'B-'),
(82, 1, '2023-09-02', 'A'),
(82, 2, '2023-09-02', 'C+'),
(83, 3, '2023-09-02', 'A-'),
(83, 4, '2023-09-02', 'B'),
(83, 5, '2023-09-02', 'C'),
(84, 6, '2023-09-02', 'B+'),
(84, 7, '2023-09-02', 'A+'),
(84, 8, '2023-09-02', 'C-'),
(85, 9, '2023-09-02', 'A'),
(85, 10, '2023-09-02', 'B-'),
(85, 11, '2023-09-02', 'C+'),
(86, 12, '2023-09-02', 'A-'),
(86, 13, '2023-09-02', 'B'),
(86, 14, '2023-09-02', 'C'),
(87, 15, '2023-09-02', 'B+'),
(87, 16, '2023-09-02', 'C-'),
(87, 17, '2023-09-02', 'A'),
(88, 18, '2023-09-02', 'A+'),
(88, 19, '2023-09-02', 'B'),
(88, 20, '2023-09-02', 'C'),
(89, 1, '2023-09-02', 'B-'),
(89, 2, '2023-09-02', 'A-'),
(89, 3, '2023-09-02', 'C+'),
(90, 4, '2023-09-02', 'A'),
(90, 5, '2023-09-02', 'B'),
(90, 6, '2023-09-02', 'C'),
(91, 7, '2023-09-02', 'B+'),
(91, 8, '2023-09-02', 'C'),
(91, 9, '2023-09-02', 'A+'),
(92, 10, '2023-09-02', 'C+'),
(92, 11, '2023-09-02', 'B'),
(92, 12, '2023-09-02', 'A-'),
(93, 13, '2023-09-02', 'A'),
(93, 14, '2023-09-02', 'B+'),
(93, 15, '2023-09-02', 'C'),
(94, 16, '2023-09-02', 'B'),
(94, 17, '2023-09-02', 'C-'),
(94, 18, '2023-09-02', 'A+'),
(95, 19, '2023-09-02', 'A'),
(95, 20, '2023-09-02', 'B-'),
(95, 1, '2023-09-02', 'C+'),
(96, 2, '2023-09-02', 'B'),
(96, 3, '2023-09-02', 'A-'),
(96, 4, '2023-09-02', 'C'),
(97, 5, '2023-09-02', 'B+'),
(97, 6, '2023-09-02', 'C'),
(97, 7, '2023-09-02', 'A'),
(98, 8, '2023-09-02', 'A-'),
(98, 9, '2023-09-02', 'B+'),
(98, 10, '2023-09-02', 'C-'),
(99, 11, '2023-09-02', 'B'),
(99, 12, '2023-09-02', 'A'),
(99, 13, '2023-09-02', 'C'),
(100, 14, '2023-09-02', 'A+'),
(100, 15, '2023-09-02', 'B-'),
(100, 16, '2023-09-02', 'C'),
(101, 17, '2023-09-02', 'A'),
(101, 18, '2023-09-02', 'B+'),
(101, 19, '2023-09-02', 'C+'),
(102, 20, '2023-09-02', 'B'),
(102, 1, '2023-09-02', 'A-'),
(102, 2, '2023-09-02', 'C'),
(103, 3, '2023-09-02', 'A'),
(103, 4, '2023-09-02', 'B-'),
(103, 5, '2023-09-02', 'C+'),
(104, 6, '2023-09-02', 'C'),
(104, 7, '2023-09-02', 'A+'),
(104, 8, '2023-09-02', 'B'),
(105, 9, '2023-09-02', 'B+'),
(105, 10, '2023-09-02', 'A-'),
(105, 11, '2023-09-02', 'C'),
(106, 12, '2023-09-02', 'B'),
(106, 13, '2023-09-02', 'C+'),
(106, 14, '2023-09-02', 'A'),
(107, 15, '2023-09-02', 'B-'),
(107, 16, '2023-09-02', 'A+'),
(107, 17, '2023-09-02', 'C'),
(108, 18, '2023-09-02', 'A'),
(108, 19, '2023-09-02', 'B'),
(108, 20, '2023-09-02', 'C+'),
(109, 1, '2023-09-02', 'B+'),
(109, 2, '2023-09-02', 'C'),
(109, 3, '2023-09-02', 'A-'),
(110, 4, '2023-09-02', 'A'),
(110, 5, '2023-09-02', 'B'),
(110, 6, '2023-09-02', 'C+'),
(111, 7, '2023-09-02', 'B-'),
(111, 8, '2023-09-02', 'A+'),
(111, 9, '2023-09-02', 'C'),
(112, 10, '2023-09-02', 'C+'),
(112, 11, '2023-09-02', 'B'),
(112, 12, '2023-09-02', 'A-'),
(113, 13, '2023-09-02', 'A'),
(113, 14, '2023-09-02', 'B+'),
(113, 15, '2023-09-02', 'C-'),
(114, 16, '2023-09-02', 'B'),
(114, 17, '2023-09-02', 'C'),
(114, 18, '2023-09-02', 'A+'),
(115, 19, '2023-09-02', 'A'),
(115, 20, '2023-09-02', 'B-'),
(115, 1, '2023-09-02', 'C+'),
(116, 2, '2023-09-02', 'B'),
(116, 3, '2023-09-02', 'A-'),
(116, 4, '2023-09-02', 'C'),
(117, 5, '2023-09-02', 'B+'),
(117, 6, '2023-09-02', 'C'),
(117, 7, '2023-09-02', 'A'),
(118, 8, '2023-09-02', 'A-'),
(118, 9, '2023-09-02', 'B+'),
(118, 10, '2023-09-02', 'C-'),
(119, 11, '2023-09-02', 'B'),
(119, 12, '2023-09-02', 'A'),
(119, 13, '2023-09-02', 'C'),
(120, 14, '2023-09-02', 'A+'),
(120, 15, '2023-09-02', 'B-'),
(120, 16, '2023-09-02', 'C'),
(121, 17, '2023-09-02', 'A'),
(121, 18, '2023-09-02', 'B+'),
(121, 19, '2023-09-02', 'C+'),
(122, 20, '2023-09-02', 'B'),
(122, 1, '2023-09-02', 'A-'),
(122, 2, '2023-09-02', 'C'),
(123, 3, '2023-09-02', 'A'),
(123, 4, '2023-09-02', 'B-'),
(123, 5, '2023-09-02', 'C+'),
(124, 6, '2023-09-02', 'C'),
(124, 7, '2023-09-02', 'A+'),
(124, 8, '2023-09-02', 'B'),
(125, 9, '2023-09-02', 'B+'),
(125, 10, '2023-09-02', 'A-'),
(125, 11, '2023-09-02', 'C'),
(126, 12, '2023-09-02', 'B'),
(126, 13, '2023-09-02', 'C+'),
(126, 14, '2023-09-02', 'A'),
(127, 15, '2023-09-02', 'B-'),
(127, 16, '2023-09-02', 'A+'),
(127, 17, '2023-09-02', 'C'),
(128, 18, '2023-09-02', 'A'),
(128, 19, '2023-09-02', 'B'),
(128, 20, '2023-09-02', 'C+'),
(129, 1, '2023-09-02', 'B+'),
(129, 2, '2023-09-02', 'C'),
(129, 3, '2023-09-02', 'A-'),
(130, 4, '2023-09-02', 'A'),
(130, 5, '2023-09-02', 'B'),
(130, 6, '2023-09-02', 'C+'),
(131, 7, '2023-09-02', 'B-'),
(131, 8, '2023-09-02', 'A+'),
(131, 9, '2023-09-02', 'C'),
(132, 10, '2023-09-02', 'C+'),
(132, 11, '2023-09-02', 'B'),
(132, 12, '2023-09-02', 'A-'),
(133, 13, '2023-09-02', 'A'),
(133, 14, '2023-09-02', 'B+'),
(133, 15, '2023-09-02', 'C-'),
(134, 16, '2023-09-02', 'B'),
(134, 17, '2023-09-02', 'C'),
(134, 18, '2023-09-02', 'A+'),
(135, 19, '2023-09-02', 'A'),
(135, 20, '2023-09-02', 'B-'),
(135, 1, '2023-09-02', 'C+'),
(136, 2, '2023-09-02', 'B'),
(136, 3, '2023-09-02', 'A-'),
(136, 4, '2023-09-02', 'C'),
(137, 5, '2023-09-02', 'B+'),
(137, 6, '2023-09-02', 'C'),
(137, 7, '2023-09-02', 'A'),
(138, 8, '2023-09-02', 'A-'),
(138, 9, '2023-09-02', 'B+'),
(138, 10, '2023-09-02', 'C-'),
(139, 11, '2023-09-02', 'B'),
(139, 12, '2023-09-02', 'A'),
(139, 13, '2023-09-02', 'C'),
(140, 14, '2023-09-02', 'A+'),
(140, 15, '2023-09-02', 'B-'),
(140, 16, '2023-09-02', 'C'),
(141, 17, '2023-09-02', 'A'),
(141, 18, '2023-09-02', 'B+'),
(141, 19, '2023-09-02', 'C+'),
(142, 20, '2023-09-02', 'B'),
(142, 1, '2023-09-02', 'A-'),
(142, 2, '2023-09-02', 'C'),
(143, 3, '2023-09-02', 'A'),
(143, 4, '2023-09-02', 'B-'),
(143, 5, '2023-09-02', 'C+'),
(144, 6, '2023-09-02', 'C'),
(144, 7, '2023-09-02', 'A+'),
(144, 8, '2023-09-02', 'B'),
(145, 9, '2023-09-02', 'B+'),
(145, 10, '2023-09-02', 'A-'),
(145, 11, '2023-09-02', 'C'),
(146, 12, '2023-09-02', 'B'),
(146, 13, '2023-09-02', 'C+'),
(146, 14, '2023-09-02', 'A'),
(147, 15, '2023-09-02', 'B-'),
(147, 16, '2023-09-02', 'A+'),
(147, 17, '2023-09-02', 'C'),
(148, 18, '2023-09-02', 'A'),
(148, 19, '2023-09-02', 'B'),
(148, 20, '2023-09-02', 'C+'),
(149, 1, '2023-09-02', 'B+'),
(149, 2, '2023-09-02', 'C'),
(149, 3, '2023-09-02', 'A-'),
(150, 4, '2023-09-02', 'A'),
(150, 5, '2023-09-02', 'B'),
(150, 6, '2023-09-02', 'C+');

delete from classroom where room_id > 1;

INSERT INTO classrooms (room_id, room_number, building, capacity) VALUES
(1, '101', 'Science Building', 30),
(2, '102', 'Arts Building', 25),
(3, '103', 'Business Center', 50),
(4, '104', 'Math Hall', 35),
(5, '105', 'Physics Lab', 20);
(6, '106', 'Engineering Building', 40),
(7, '107', 'Library', 15),
(8, '108', 'Computer Lab', 30),
(9, '109', 'Auditorium', 200),
(10, '110', 'Biology Building', 45),
(11, '111', 'Chemistry Lab', 25),
(12, '112', 'History Room', 20),
(13, '113', 'Economics Hall', 35),
(14, '114', 'Language Center', 30),
(15, '115', 'Art Studio', 25),
(16, '116', 'Music Room', 20),
(17, '117', 'Gymnasium', 100),
(18, '118', 'Theater', 150),
(19, '119', 'Health Center', 20),
(20, '120', 'Main Office', 10);


ALTER TABLE schedules
-- ADD COLUMN start_time TIME,
-- ADD COLUMN end_time TIME;
-- DROP FOREIGN KEY schedules_ibfk_2;
-- DROP COLUMN room_id;
-- ADD COLUMN room_id INT;
ADD CONSTRAINT schedules_ibfk_2 FOREIGN KEY (room_id) REFERENCES classrooms (room_id);

SHOW CREATE TABLE schedules;

SELECT room_id FROM classrooms WHERE room_id IN (1, 2, 3, 4, 5);
SELECT course_id FROM courses WHERE course_id IN (1, 2, 3, 4, 5);
SELECT faculty_id FROM faculty WHERE faculty_id IN (1, 2, 3, 4, 5);

select * from schedules;

INSERT INTO schedules (schedule_id, course_id, room_id, faculty_id, day, start_time, end_time) VALUES
(1, 1, 1, 1, 'Monday', '09:00:00', '11:00:00'),
(2, 2, 2, 2, 'Tuesday', '10:00:00', '12:00:00'),
(3, 3, 3, 3, 'Wednesday', '11:00:00', '13:00:00'),
(4, 4, 4, 4, 'Thursday', '14:00:00', '16:00:00'),
(5, 5, 5, 5, 'Friday', '13:00:00', '15:00:00'),
(6, 6, 1, 1, 'Monday', '09:00:00', '11:00:00'),
(7, 7, 2, 2, 'Tuesday', '10:00:00', '12:00:00'),
(8, 8, 3, 3, 'Wednesday', '11:00:00', '13:00:00'),
(9, 9, 4, 4, 'Thursday', '14:00:00', '16:00:00'),
(10, 10, 5, 5, 'Friday', '13:00:00', '15:00:00'),
(11, 11, 1, 1, 'Monday', '11:00:00', '13:00:00'),
(12, 12, 2, 2, 'Tuesday', '09:00:00', '11:00:00'),
(13, 13, 3, 3, 'Wednesday', '10:00:00', '12:00:00'),
(14, 14, 4, 4, 'Thursday', '15:00:00', '17:00:00'),
(15, 15, 5, 5, 'Friday', '14:00:00', '16:00:00'),
(16, 16, 1, 1, 'Monday', '10:00:00', '12:00:00'),
(17, 17, 2, 2, 'Tuesday', '13:00:00', '15:00:00'),
(18, 18, 3, 3, 'Wednesday', '14:00:00', '16:00:00'),
(19, 19, 4, 4, 'Thursday', '09:00:00', '10:00:00'),
(20, 20, 5, 5, 'Friday', '11:00:00', '13:00:00');


insert into fees (fee_id, student_id, amount, due_date, status) VALUES
(1, 1, 500.00, '2023-12-01', 'Paid'),
(2, 2, 450.00, '2023-12-01', 'Unpaid'),
(3, 3, 600.00, '2023-12-01', 'Paid'),
(4, 4, 550.00, '2023-12-01', 'Unpaid'),
(5, 5, 500.00, '2023-12-01', 'Paid'),
(6, 6, 450.00, '2023-12-01', 'Unpaid'),
(7, 7, 600.00, '2023-12-01', 'Paid'),
(8, 8, 550.00, '2023-12-01', 'Unpaid'),
(9, 9, 500.00, '2023-12-01', 'Paid'),
(10, 10, 450.00, '2023-12-01', 'Unpaid'),
(11, 11, 600.00, '2023-12-01', 'Paid'),
(12, 12, 550.00, '2023-12-01', 'Unpaid'),
(13, 13, 500.00, '2023-12-01', 'Paid'),
(14, 14, 450.00, '2023-12-01', 'Unpaid'),
(15, 15, 600.00, '2023-12-01', 'Paid'),
(16, 16, 550.00, '2023-12-01', 'Unpaid'),
(17, 17, 500.00, '2023-12-01', 'Paid'),
(18, 18, 450.00, '2023-12-01', 'Unpaid'),
(19, 19, 600.00, '2023-12-01', 'Paid'),
(20, 20, 550.00, '2023-12-01', 'Unpaid'),
(21, 21, 500.00, '2023-12-01', 'Paid'),
(22, 22, 450.00, '2023-12-01', 'Unpaid'),
(23, 23, 600.00, '2023-12-01', 'Paid'),
(24, 24, 550.00, '2023-12-01', 'Unpaid'),
(25, 25, 500.00, '2023-12-01', 'Paid'),
(26, 26, 450.00, '2023-12-01', 'Unpaid'),
(27, 27, 600.00, '2023-12-01', 'Paid'),
(28, 28, 550.00, '2023-12-01', 'Unpaid'),
(29, 29, 500.00, '2023-12-01', 'Paid'),
(30, 30, 450.00, '2023-12-01', 'Unpaid'),
(31, 31, 600.00, '2023-12-01', 'Paid'),
(32, 32, 550.00, '2023-12-01', 'Unpaid'),
(33, 33, 500.00, '2023-12-01', 'Paid'),
(34, 34, 450.00, '2023-12-01', 'Unpaid'),
(35, 35, 600.00, '2023-12-01', 'Paid'),
(36, 36, 550.00, '2023-12-01', 'Unpaid'),
(37, 37, 500.00, '2023-12-01', 'Paid'),
(38, 38, 450.00, '2023-12-01', 'Unpaid'),
(39, 39, 600.00, '2023-12-01', 'Paid'),
(40, 40, 550.00, '2023-12-01', 'Unpaid'),
(41, 41, 500.00, '2023-12-01', 'Paid'),
(42, 42, 450.00, '2023-12-01', 'Unpaid'),
(43, 43, 600.00, '2023-12-01', 'Paid'),
(44, 44, 550.00, '2023-12-01', 'Unpaid'),
(45, 45, 500.00, '2023-12-01', 'Paid'),
(46, 46, 450.00, '2023-12-01', 'Unpaid'),
(47, 47, 600.00, '2023-12-01', 'Paid'),
(48, 48, 550.00, '2023-12-01', 'Unpaid'),
(49, 49, 500.00, '2023-12-01', 'Paid'),
(50, 50, 450.00, '2023-12-01', 'Unpaid'),
(51, 51, 600.00, '2023-12-01', 'Paid'),
(52, 52, 550.00, '2023-12-01', 'Unpaid'),
(53, 53, 500.00, '2023-12-01', 'Paid'),
(54, 54, 450.00, '2023-12-01', 'Unpaid'),
(55, 55, 600.00, '2023-12-01', 'Paid'),
(56, 56, 550.00, '2023-12-01', 'Unpaid'),
(57, 57, 500.00, '2023-12-01', 'Paid'),
(58, 58, 450.00, '2023-12-01', 'Unpaid'),
(59, 59, 600.00, '2023-12-01', 'Paid'),
(60, 60, 550.00, '2023-12-01', 'Unpaid'),
(61, 61, 500.00, '2023-12-01', 'Paid'),
(62, 62, 450.00, '2023-12-01', 'Unpaid'),
(63, 63, 600.00, '2023-12-01', 'Paid'),
(64, 64, 550.00, '2023-12-01', 'Unpaid'),
(65, 65, 500.00, '2023-12-01', 'Paid'),
(66, 66, 450.00, '2023-12-01', 'Unpaid'),
(67, 67, 600.00, '2023-12-01', 'Paid'),
(68, 68, 550.00, '2023-12-01', 'Unpaid'),
(69, 69, 500.00, '2023-12-01', 'Paid'),
(70, 70, 450.00, '2023-12-01', 'Unpaid'),
(71, 71, 600.00, '2023-12-01', 'Paid'),
(72, 72, 550.00, '2023-12-01', 'Unpaid'),
(73, 73, 500.00, '2023-12-01', 'Paid'),
(74, 74, 450.00, '2023-12-01', 'Unpaid'),
(75, 75, 600.00, '2023-12-01', 'Paid'),
(76, 76, 550.00, '2023-12-01', 'Unpaid'),
(77, 77, 500.00, '2023-12-01', 'Paid'),
(78, 78, 450.00, '2023-12-01', 'Unpaid'),
(79, 79, 600.00, '2023-12-01', 'Paid'),
(80, 80, 550.00, '2023-12-01', 'Unpaid'),
(81, 81, 500.00, '2023-12-01', 'Paid'),
(82, 82, 450.00, '2023-12-01', 'Unpaid'),
(83, 83, 600.00, '2023-12-01', 'Paid'),
(84, 84, 550.00, '2023-12-01', 'Unpaid'),
(85, 85, 500.00, '2023-12-01', 'Paid'),
(86, 86, 450.00, '2023-12-01', 'Unpaid'),
(87, 87, 600.00, '2023-12-01', 'Paid'),
(88, 88, 550.00, '2023-12-01', 'Unpaid'),
(89, 89, 500.00, '2023-12-01', 'Paid'),
(90, 90, 450.00, '2023-12-01', 'Unpaid'),
(91, 91, 600.00, '2023-12-01', 'Paid'),
(92, 92, 550.00, '2023-12-01', 'Unpaid'),
(93, 93, 500.00, '2023-12-01', 'Paid'),
(94, 94, 450.00, '2023-12-01', 'Unpaid'),
(95, 95, 600.00, '2023-12-01', 'Paid'),
(96, 96, 550.00, '2023-12-01', 'Unpaid'),
(97, 97, 500.00, '2023-12-01', 'Paid'),
(98, 98, 450.00, '2023-12-01', 'Unpaid'),
(99, 99, 600.00, '2023-12-01', 'Paid'),
(100, 100, 550.00, '2023-12-01', 'Unpaid'),
(101, 101, 500.00, '2023-12-01', 'Paid'),
(102, 102, 450.00, '2023-12-01', 'Unpaid'),
(103, 103, 600.00, '2023-12-01', 'Paid'),
(104, 104, 550.00, '2023-12-01', 'Unpaid'),
(105, 105, 500.00, '2023-12-01', 'Paid'),
(106, 106, 450.00, '2023-12-01', 'Unpaid'),
(107, 107, 600.00, '2023-12-01', 'Paid'),
(108, 108, 550.00, '2023-12-01', 'Unpaid'),
(109, 109, 500.00, '2023-12-01', 'Paid'),
(110, 110, 450.00, '2023-12-01', 'Unpaid'),
(111, 111, 600.00, '2023-12-01', 'Paid'),
(112, 112, 550.00, '2023-12-01', 'Unpaid'),
(113, 113, 500.00, '2023-12-01', 'Paid'),
(114, 114, 450.00, '2023-12-01', 'Unpaid'),
(115, 115, 600.00, '2023-12-01', 'Paid'),
(116, 116, 550.00, '2023-12-01', 'Unpaid'),
(117, 117, 500.00, '2023-12-01', 'Paid'),
(118, 118, 450.00, '2023-12-01', 'Unpaid'),
(119, 119, 600.00, '2023-12-01', 'Paid'),
(120, 120, 550.00, '2023-12-01', 'Unpaid'),
(121, 121, 500.00, '2023-12-01', 'Paid'),
(122, 122, 450.00, '2023-12-01', 'Unpaid'),
(123, 123, 600.00, '2023-12-01', 'Paid'),
(124, 124, 550.00, '2023-12-01', 'Unpaid'),
(125, 125, 500.00, '2023-12-01', 'Paid'),
(126, 126, 450.00, '2023-12-01', 'Unpaid'),
(127, 127, 600.00, '2023-12-01', 'Paid'),
(128, 128, 550.00, '2023-12-01', 'Unpaid'),
(129, 129, 500.00, '2023-12-01', 'Paid'),
(130, 130, 450.00, '2023-12-01', 'Unpaid'),
(131, 131, 600.00, '2023-12-01', 'Paid'),
(132, 132, 550.00, '2023-12-01', 'Unpaid'),
(133, 133, 500.00, '2023-12-01', 'Paid'),
(134, 134, 450.00, '2023-12-01', 'Unpaid'),
(135, 135, 600.00, '2023-12-01', 'Paid'),
(136, 136, 550.00, '2023-12-01', 'Unpaid'),
(137, 137, 500.00, '2023-12-01', 'Paid'),
(138, 138, 450.00, '2023-12-01', 'Unpaid'),
(139, 139, 600.00, '2023-12-01', 'Paid'),
(140, 140, 550.00, '2023-12-01', 'Unpaid'),
(141, 141, 500.00, '2023-12-01', 'Paid'),
(142, 142, 450.00, '2023-12-01', 'Unpaid'),
(143, 143, 600.00, '2023-12-01', 'Paid'),
(144, 144, 550.00, '2023-12-01', 'Unpaid'),
(145, 145, 500.00, '2023-12-01', 'Paid'),
(146, 146, 450.00, '2023-12-01', 'Unpaid'),
(147, 147, 600.00, '2023-12-01', 'Paid'),
(148, 148, 550.00, '2023-12-01', 'Unpaid'),
(149, 149, 500.00, '2023-12-01', 'Paid'),
(150, 150, 450.00, '2023-12-01', 'Unpaid');




INSERT INTO library (book_id, title, author, status, isbn, loaned_to_student_id) VALUES
(1, 'The Great Gatsby', 'F. Scott Fitzgerald', 'Available', '9780743273565', NULL),
(2, 'To Kill a Mockingbird', 'Harper Lee', 'Loaned', '9780061120084', 1),
(3, '1984', 'George Orwell', 'Available', '9780451524935', NULL),
(4, 'Pride and Prejudice', 'Jane Austen', 'Loaned', '9780141439518', 2),
(5, 'The Catcher in the Rye', 'J.D. Salinger', 'Available', '9780316769488', NULL),
(6, 'The Hobbit', 'J.R.R. Tolkien', 'Loaned', '9780547928227', 3),
(7, 'Fahrenheit 451', 'Ray Bradbury', 'Available', '9781451673319', NULL),
(8, 'Moby-Dick', 'Herman Melville', 'Loaned', '9780142437248', 4),
(9, 'War and Peace', 'Leo Tolstoy', 'Available', '9780199232765', NULL),
(10, 'The Odyssey', 'Homer', 'Loaned', '9780140268868', 5),
(11, 'Crime and Punishment', 'Fyodor Dostoevsky', 'Available', '9780143058144', NULL),
(12, 'The Brothers Karamazov', 'Fyodor Dostoevsky', 'Loaned', '9780374528379', 6),
(13, 'Brave New World', 'Aldous Huxley', 'Available', '9780060850524', NULL),
(14, 'Jane Eyre', 'Charlotte Bronte', 'Loaned', '9780141441146', 7),
(15, 'Wuthering Heights', 'Emily Bronte', 'Available', '9780141439557', NULL),
(16, 'The Divine Comedy', 'Dante Alighieri', 'Loaned', '9780142437224', 8),
(17, 'The Iliad', 'Homer', 'Available', '9780140275361', NULL),
(18, 'Les Miserables', 'Victor Hugo', 'Loaned', '9780451419430', 9),
(19, 'Anna Karenina', 'Leo Tolstoy', 'Available', '9780143035009', NULL),
(20, 'Madame Bovary', 'Gustave Flaubert', 'Loaned', '9780140449121', 10),
(21, 'The Count of Monte Cristo', 'Alexandre Dumas', 'Available', '9780140449267', NULL),
(22, 'Great Expectations', 'Charles Dickens', 'Loaned', '9780141439564', 11),
(23, 'David Copperfield', 'Charles Dickens', 'Available', '9780140439442', NULL),
(24, 'The Picture of Dorian Gray', 'Oscar Wilde', 'Loaned', '9780141439571', 12),
(25, 'Dracula', 'Bram Stoker', 'Available', '9780141439847', NULL),
(26, 'Frankenstein', 'Mary Shelley', 'Loaned', '9780141439472', 13),
(27, 'The Adventures of Huckleberry Finn', 'Mark Twain', 'Available', '9780142437170', NULL),
(28, 'The Adventures of Tom Sawyer', 'Mark Twain', 'Loaned', '9780143039564', 14),
(29, 'The Scarlet Letter', 'Nathaniel Hawthorne', 'Available', '9780142437262', NULL),
(30, 'The Grapes of Wrath', 'John Steinbeck', 'Loaned', '9780143039434', 15),
(31, 'Of Mice and Men', 'John Steinbeck', 'Available', '9780140177399', NULL),
(32, 'East of Eden', 'John Steinbeck', 'Loaned', '9780142004235', 16),
(33, 'The Old Man and the Sea', 'Ernest Hemingway', 'Available', '9780684801224', NULL),
(34, 'A Farewell to Arms', 'Ernest Hemingway', 'Loaned', '9780684801468', 17),
(35, 'For Whom the Bell Tolls', 'Ernest Hemingway', 'Available', '9780684803356', NULL),
(36, 'The Sun Also Rises', 'Ernest Hemingway', 'Loaned', '9780684800715', 18),
(37, 'Catch-22', 'Joseph Heller', 'Available', '9780684833393', NULL),
(38, 'Slaughterhouse-Five', 'Kurt Vonnegut', 'Loaned', '9780385333848', 19),
(39, 'One Hundred Years of Solitude', 'Gabriel Garcia Marquez', 'Available', '9780060883288', NULL),
(40, 'Love in the Time of Cholera', 'Gabriel Garcia Marquez', 'Loaned', '9780307389731', 20),
(41, 'The Metamorphosis', 'Franz Kafka', 'Available', '9780553213691', NULL),
(42, 'The Trial', 'Franz Kafka', 'Loaned', '9780805209991', 21),
(43, 'The Castle', 'Franz Kafka', 'Available', '9780805211060', NULL),
(44, 'The Stranger', 'Albert Camus', 'Loaned', '9780679720202', 22),
(45, 'The Plague', 'Albert Camus', 'Available', '9780679720219', NULL),
(46, 'The Fall', 'Albert Camus', 'Loaned', '9780679720226', 23),
(47, 'The Myth of Sisyphus', 'Albert Camus', 'Available', '9780679733738', NULL),
(48, 'The Prince', 'Niccolo Machiavelli', 'Loaned', '9780140449051', 24),
(49, 'The Art of War', 'Sun Tzu', 'Available', '9780140439190', NULL),
(50, 'The Republic', 'Plato', 'Loaned', '9780140455114', 25),
(51, 'Meditations', 'Marcus Aurelius', 'Available', '9780140449335', NULL),
(52, 'The Aeneid', 'Virgil', 'Loaned', '9780143106295', 26),
(53, 'The Canterbury Tales', 'Geoffrey Chaucer', 'Available', '9780140424387', NULL),
(54, 'Paradise Lost', 'John Milton', 'Loaned', '9780140424394', 27),
(55, 'Don Quixote', 'Miguel de Cervantes', 'Available', '9780142437231', NULL),
(56, 'The Inferno', 'Dante Alighieri', 'Loaned', '9780142043724', 28),
(57, 'The Purgatorio', 'Dante Alighieri', 'Available', '9780142432224', NULL),
(58, 'The Paradiso', 'Dante Alighieri', 'Loaned', '9780142437324', 29),
(59, 'The Decameron', 'Giovanni Boccaccio', 'Available', '9780140449308', NULL),
(60, 'The Prince', 'Niccolo Machiavelli', 'Loaned', '9780140449151', 30),
(61, 'The Art of War', 'Sun Tzu', 'Available', '9780140439191', NULL),
(62, 'The Republic', 'Plato', 'Loaned', '9780140455115', 31),
(63, 'Meditations', 'Marcus Aurelius', 'Available', '9780140449336', NULL),
(64, 'The Aeneid', 'Virgil', 'Loaned', '9780143106297', 32),
(65, 'The Canterbury Tales', 'Geoffrey Chaucer', 'Available', '9780140424388', NULL),
(66, 'Paradise Lost', 'John Milton', 'Loaned', '9780140424395', 33),
(67, 'Don Quixote', 'Miguel de Cervantes', 'Available', '9780142437232', NULL),
(68, 'The Divine Comedy', 'Dante Alighieri', 'Loaned', '9780142433224', 34),
(69, 'The Inferno', 'Dante Alighieri', 'Available', '9780142437204', NULL),
(70, 'The Purgatorio', 'Dante Alighieri', 'Loaned', '9780142437225', 35),
(71, 'The Paradiso', 'Dante Alighieri', 'Available', '9780142434224', NULL),
(72, 'The Decameron', 'Giovanni Boccaccio', 'Loaned', '9780140449307', 36),
(73, 'The Prince', 'Niccolo Machiavelli', 'Available', '9780140449152', NULL),
(74, 'The Art of War', 'Sun Tzu', 'Loaned', '9780140439192', 37),
(75, 'The Republic', 'Plato', 'Available', '9780140455116', NULL),
(76, 'A Tale of Two Cities', 'Charles Dickens', 'Available', '9780141439601', NULL),
(77, 'Mansfield Park', 'Jane Austen', 'Loaned', '9780141439809', 38),
(78, 'Emma', 'Jane Austen', 'Available', '9780141439588', NULL),
(79, 'Sense and Sensibility', 'Jane Austen', 'Loaned', '9780141439663', 39),
(80, 'Little Women', 'Louisa May Alcott', 'Available', '9780142408766', NULL),
(81, 'The Three Musketeers', 'Alexandre Dumas', 'Loaned', '9780140449268', 40),
(82, 'The Hunchback of Notre-Dame', 'Victor Hugo', 'Available', '9780140443532', NULL),
(83, 'The Phantom of the Opera', 'Gaston Leroux', 'Loaned', '9780141191501', 41),
(84, 'Middlemarch', 'George Eliot', 'Available', '9780141439540', NULL),
(85, 'Silas Marner', 'George Eliot', 'Loaned', '9780141439755', 42),
(86, 'The Mill on the Floss', 'George Eliot', 'Available', '9780141439625', NULL),
(87, 'Bleak House', 'Charles Dickens', 'Loaned', '9780141439724', 43),
(88, 'Hard Times', 'Charles Dickens', 'Available', '9780141439670', NULL),
(89, 'Oliver Twist', 'Charles Dickens', 'Loaned', '9780141439748', 44),
(90, 'Great Expectations', 'Charles Dickens', 'Available', '9780141439565', NULL),
(91, 'Vanity Fair', 'William Makepeace Thackeray', 'Loaned', '9780141439831', 45),
(92, 'The Woman in White', 'Wilkie Collins', 'Available', '9780141439848', NULL),
(93, 'The Moonstone', 'Wilkie Collins', 'Loaned', '9780141439817', 46),
(94, 'The Scarlet Pimpernel', 'Baroness Orczy', 'Available', '9780142180102', NULL),
(95, 'The Secret Garden', 'Frances Hodgson Burnett', 'Loaned', '9780142437056', 47),
(96, 'Treasure Island', 'Robert Louis Stevenson', 'Available', '9780142437032', NULL),
(97, 'Kidnapped', 'Robert Louis Stevenson', 'Loaned', '9780142437049', 48),
(98, 'The Time Machine', 'H.G. Wells', 'Available', '9780141439976', NULL),
(99, 'The War of the Worlds', 'H.G. Wells', 'Loaned', '9780141441030', 49),
(100, 'The Invisible Man', 'H.G. Wells', 'Available', '9780141439983', NULL);

SELECT * from library;

select * from schedules;

INSERT INTO schedules (schedule_id, course_id, room_id, faculty_id, day, start_time, end_time) VALUES
    (1, 1, 1, 1, 'Monday', '09:00:00', '11:00:00'),
    (2, 2, 2, 2, 'Tuesday', '10:00:00', '12:00:00');


SELECT * FROM classrooms WHERE room_id IN (1, 2);
